Frame Rate:,29.9700299700
Frame Number,Timecode,content_val,delta_hue,delta_lum,delta_sat
21,00:00:00.701,0.005488642939814815,0.005425347222222222,0.003200954861111111,0.007839626736111112
22,00:00:00.734,0.001564308449074074,0.0014105902777777778,0.001193576388888889,0.0020887586805555555
23,00:00:00.767,0.0,0.0,0.0,0.0
24,00:00:00.801,0.001564308449074074,0.0014105902777777778,0.001193576388888889,0.0020887586805555555
25,00:00:00.834,0.0020978009259259257,0.001980251736111111,0.0017903645833333333,0.0025227864583333335
26,00:00:00.868,0.00018084490740740742,8.138020833333333e-05,0.00021701388888888888,0.000244140625
27,00:00:00.901,0.0009313512731481481,0.0008680555555555555,0.0010579427083333333,0.0008680555555555555
28,00:00:00.934,0.0009765625,0.0008680555555555555,0.001247829861111111,0.0008138020833333334
29,00:00:00.968,0.0,0.0,0.0,0.0
30,00:00:01.001,0.001021773726851852,0.0011121961805555555,0.0009223090277777778,0.0010308159722222222
31,00:00:01.034,0.002161096643518519,0.002658420138888889,0.001193576388888889,0.002631293402777778
32,00:00:01.068,0.0,0.0,0.0,0.0
33,00:00:01.101,0.002161096643518519,0.002658420138888889,0.001193576388888889,0.002631293402777778
34,00:00:01.134,0.023121021412037035,0.03550889756944445,0.011691623263888888,0.022162543402777776
35,00:00:01.168,0.0,0.0,0.0,0.0
36,00:00:01.201,0.009503399884259259,0.011121961805555556,0.005208333333333333,0.012179904513888888
37,00:00:01.235,0.0020616319444444445,0.0017632378472222222,0.001247829861111111,0.003173828125
38,00:00:01.268,0.0,0.0,0.0,0.0
39,00:00:01.301,0.00039785879629629633,0.000244140625,0.00043402777777777775,0.0005154079861111111
40,00:00:01.335,0.004792390046296296,0.007731119791666667,0.0025227864583333335,0.004123263888888889
41,00:00:01.368,0.0,0.0,0.0,0.0
42,00:00:01.401,0.0029025607638888894,0.003390842013888889,0.00048828125,0.004828559027777778
43,00:00:01.435,9.04224537037037e-06,0.0,2.712673611111111e-05,0.0
44,00:00:01.468,0.0,0.0,0.0,0.0
45,00:00:01.502,9.04224537037037e-06,0.0,2.712673611111111e-05,0.0
46,00:00:01.535,3.5827817563657405,4.275282118055555,1.2601996527777777,5.212863498263889
47,00:00:01.568,0.002721715856481481,0.0018717447916666667,0.0013020833333333333,0.004991319444444444
48,00:00:01.602,2.712673611111111e-05,0.0,8.138020833333333e-05,0.0
49,00:00:01.635,0.0027488425925925927,0.0018717447916666667,0.0012749565972222222,0.005099826388888889
50,00:00:01.668,0.0006691261574074075,0.0005696614583333334,0.0005967881944444445,0.0008409288194444445
51,00:00:01.702,0.0,0.0,0.0,0.0
52,00:00:01.735,0.00023509837962962962,0.00010850694444444444,0.00035264756944444444,0.000244140625
53,00:00:01.768,0.0,0.0,0.0,0.0
54,00:00:01.802,0.0,0.0,0.0,0.0
55,00:00:01.835,0.0,0.0,0.0,0.0
56,00:00:01.869,0.0005063657407407407,0.00037977430555555556,0.00029839409722222225,0.0008409288194444445
57,00:00:01.902,0.0005063657407407407,0.00037977430555555556,0.00029839409722222225,0.0008409288194444445
58,00:00:01.935,0.0,0.0,0.0,0.0
59,00:00:01.969,0.0,0.0,0.0,0.0
60,00:00:02.002,0.0,0.0,0.0,0.0
61,00:00:02.035,0.0,0.0,0.0,0.0
62,00:00:02.069,0.0,0.0,0.0,0.0
63,00:00:02.102,0.0,0.0,0.0,0.0
64,00:00:02.135,0.0,0.0,0.0,0.0
65,00:00:02.169,0.00047923900462962964,0.0002712673611111111,0.000244140625,0.0009223090277777778
66,00:00:02.202,0.00047923900462962964,0.0002712673611111111,0.000244140625,0.0009223090277777778
67,00:00:02.236,0.0,0.0,0.0,0.0
68,00:00:02.269,0.00028935185185185184,0.0003255208333333333,0.00037977430555555556,0.00016276041666666666
69,00:00:02.302,0.0,0.0,0.0,0.0
70,00:00:02.336,0.00027126736111111107,0.00016276041666666666,0.00016276041666666666,0.00048828125
71,00:00:02.369,2.712673611111111e-05,0.0,8.138020833333333e-05,0.0
72,00:00:02.402,0.0,0.0,0.0,0.0
73,00:00:02.436,2.712673611111111e-05,0.0,8.138020833333333e-05,0.0
74,00:00:02.469,0.0,0.0,0.0,0.0
75,00:00:02.502,0.008599175347222222,0.005533854166666667,0.012179904513888888,0.008083767361111112
76,00:00:02.536,19.92139576099537,3.3191731770833335,33.03534613715278,23.40966796875
77,00:00:02.569,0.0008861400462962963,0.0006781684027777778,0.001003689236111111,0.0009765625
78,00:00:02.603,0.0,0.0,0.0,0.0
79,00:00:02.636,0.0005515769675925925,0.00010850694444444444,0.0008409288194444445,0.0007052951388888889
80,00:00:02.669,0.002586082175925926,0.0014105902777777778,0.0021158854166666665,0.004231770833333333
81,00:00:02.703,0.0,0.0,0.0,0.0
82,00:00:02.736,0.0017451533564814814,0.0007052951388888889,0.001681857638888889,0.0028483072916666665
83,00:00:02.769,0.0034450954861111106,0.0013292100694444445,0.0028483072916666665,0.006157769097222222
84,00:00:02.803,1.4131673177083333,1.1832953559027777,1.5631510416666667,1.4930555555555556
85,00:00:02.836,0.010715060763888888,0.009385850694444444,0.005560980902777778,0.017198350694444444
86,00:00:02.870,0.007441767939814815,0.0038248697916666665,0.004150390625,0.014350043402777778
87,00:00:02.903,0.0014015480324074076,0.0018446180555555555,0.00021701388888888888,0.002143012152777778
88,00:00:02.936,0.0,0.0,0.0,0.0
89,00:00:02.970,0.0,0.0,0.0,0.0
90,00:00:03.003,0.0,0.0,0.0,0.0
91,00:00:03.036,0.0,0.0,0.0,0.0
92,00:00:03.070,0.0,0.0,0.0,0.0
93,00:00:03.103,0.0,0.0,0.0,0.0
94,00:00:03.136,0.0,0.0,0.0,0.0
95,00:00:03.170,0.0,0.0,0.0,0.0
96,00:00:03.203,0.00011754918981481481,0.0,0.0002712673611111111,8.138020833333333e-05
97,00:00:03.237,0.0,0.0,0.0,0.0
98,00:00:03.270,0.00011754918981481481,0.0,0.0002712673611111111,8.138020833333333e-05
99,00:00:03.303,0.0019440827546296296,0.001247829861111111,0.001003689236111111,0.0035807291666666665
100,00:00:03.337,0.0027669270833333335,0.0013020833333333333,0.0010850694444444445,0.005913628472222222
101,00:00:03.370,0.0028844762731481486,0.0016004774305555555,0.0010579427083333333,0.005995008680555556
102,00:00:03.403,0.0,0.0,0.0,0.0
103,00:00:03.437,0.0,0.0,0.0,0.0
104,00:00:03.470,0.0,0.0,0.0,0.0
105,00:00:03.504,0.0,0.0,0.0,0.0
106,00:00:03.537,2.304009331597222,3.0511610243055554,1.1390516493055556,2.7218153211805554
107,00:00:03.570,0.0,0.0,0.0,0.0
108,00:00:03.604,0.0,0.0,0.0,0.0
109,00:00:03.637,0.0,0.0,0.0,0.0
110,00:00:03.670,0.0,0.0,0.0,0.0
111,00:00:03.704,0.0,0.0,0.0,0.0
112,00:00:03.737,0.0,0.0,0.0,0.0
113,00:00:03.770,0.0008951822916666666,0.00043402777777777775,0.001220703125,0.0010308159722222222
114,00:00:03.804,0.0009946469907407406,0.0007595486111111111,0.0009765625,0.001247829861111111
115,00:00:03.837,0.0003888165509259259,0.00016276041666666666,0.0006510416666666666,0.00035264756944444444
116,00:00:03.871,0.0029839409722222225,0.001925998263888889,0.003933376736111111,0.0030924479166666665
117,00:00:03.904,0.0020435474537037037,0.0018988715277777778,0.001681857638888889,0.0025499131944444445
118,00:00:03.937,0.0022515190972222225,0.00146484375,0.0016547309027777778,0.003634982638888889
119,00:00:03.971,0.0,0.0,0.0,0.0
120,00:00:04.004,0.0,0.0,0.0,0.0
121,00:00:04.037,0.0,0.0,0.0,0.0
122,00:00:04.071,0.0002803096064814815,0.00016276041666666666,0.00043402777777777775,0.000244140625
123,00:00:04.104,0.0002079716435185185,0.00010850694444444444,0.0003255208333333333,0.00018988715277777778
124,00:00:04.137,9.04224537037037e-06,0.0,2.712673611111111e-05,0.0
125,00:00:04.171,0.00017180266203703704,0.0,0.0004069010416666667,0.00010850694444444444
126,00:00:04.204,0.0,0.0,0.0,0.0
127,00:00:04.238,0.00013563368055555553,0.0,0.0003255208333333333,8.138020833333333e-05
128,00:00:04.271,0.0006239149305555556,0.00029839409722222225,0.0007866753472222222,0.0007866753472222222
129,00:00:04.304,0.0,0.0,0.0,0.0
130,00:00:04.338,0.00026222511574074077,0.00013563368055555556,0.0002712673611111111,0.00037977430555555556
131,00:00:04.371,0.0007685908564814813,0.0004611545138888889,0.0009223090277777778,0.0009223090277777778
132,00:00:04.404,0.0002170138888888889,0.00010850694444444444,0.00010850694444444444,0.00043402777777777775
133,00:00:04.438,0.00036168981481481485,0.00016276041666666666,0.0006239149305555555,0.00029839409722222225
134,00:00:04.471,0.0013563368055555557,0.0007866753472222222,0.00146484375,0.0018174913194444445
135,00:00:04.505,0.0005787037037037037,0.0005967881944444445,0.0006239149305555555,0.0005154079861111111
136,00:00:04.538,0.004747178819444445,0.004340277777777778,0.005072699652777778,0.004828559027777778
137,00:00:04.571,0.0,0.0,0.0,0.0
138,00:00:04.605,0.0,0.0,0.0,0.0
139,00:00:04.638,0.0,0.0,0.0,0.0
140,00:00:04.671,0.0,0.0,0.0,0.0
141,00:00:04.705,0.0013744212962962963,0.0004611545138888889,0.0018174913194444445,0.0018446180555555555
142,00:00:04.738,0.0,0.0,0.0,0.0
143,00:00:04.771,0.0,0.0,0.0,0.0
144,00:00:04.805,0.001148365162037037,0.0015733506944444445,0.0007052951388888889,0.0011664496527777778
145,00:00:04.838,0.00012659143518518518,0.00010850694444444444,0.00021701388888888888,5.425347222222222e-05
146,00:00:04.872,0.0004973234953703703,0.0005154079861111111,0.0007052951388888889,0.0002712673611111111
147,00:00:04.905,0.0005967881944444444,0.0006239149305555555,0.0004069010416666667,0.0007595486111111111
148,00:00:04.938,0.00043402777777777775,0.0003255208333333333,0.00037977430555555556,0.0005967881944444445
149,00:00:04.972,5.4253472222222226e-05,5.425347222222222e-05,2.712673611111111e-05,8.138020833333333e-05
150,00:00:05.005,0.0,0.0,0.0,0.0
151,00:00:05.038,0.0,0.0,0.0,0.0
152,00:00:05.072,0.0,0.0,0.0,0.0
153,00:00:05.105,0.0,0.0,0.0,0.0
154,00:00:05.138,0.0,0.0,0.0,0.0
155,00:00:05.172,0.0,0.0,0.0,0.0
156,00:00:05.205,0.0,0.0,0.0,0.0
157,00:00:05.239,0.0,0.0,0.0,0.0
158,00:00:05.272,0.0,0.0,0.0,0.0
159,00:00:05.305,0.0,0.0,0.0,0.0
160,00:00:05.339,0.0,0.0,0.0,0.0
161,00:00:05.372,0.0,0.0,0.0,0.0
162,00:00:05.405,0.001103153935185185,0.0005967881944444445,0.0015462239583333333,0.0011664496527777778
163,00:00:05.439,0.00014467592592592592,5.425347222222222e-05,0.00035264756944444444,2.712673611111111e-05
164,00:00:05.472,0.0003436053240740741,0.00018988715277777778,0.0006510416666666666,0.00018988715277777778
165,00:00:05.506,0.0,0.0,0.0,0.0
166,00:00:05.539,2.0217194733796298,2.541748046875,1.0256076388888888,2.497802734375
167,00:00:05.572,4.5211226851851856e-05,8.138020833333333e-05,2.712673611111111e-05,2.712673611111111e-05
168,00:00:05.606,0.0,0.0,0.0,0.0
169,00:00:05.639,1.4074526186342593,0.8154025607638888,1.8274468315972223,1.5795084635416667
170,00:00:05.672,0.00037977430555555556,0.00018988715277777778,0.00018988715277777778,0.0007595486111111111
171,00:00:05.706,0.000660083912037037,2.712673611111111e-05,0.0011121961805555555,0.0008409288194444445
172,00:00:05.739,12.468632450810185,15.077338324652779,10.222547743055555,12.106011284722221
173,00:00:05.772,1.0677897135416665,1.5528157552083333,0.6171061197916666,1.033447265625
174,00:00:05.806,0.05115198206018518,0.035346137152777776,0.05650499131944445,0.061604817708333336
175,00:00:05.839,0.056767216435185196,0.046712239583333336,0.056830512152777776,0.06675889756944445
176,00:00:05.873,0.14187282986111113,0.11979166666666667,0.1642523871527778,0.1415744357638889
177,00:00:05.906,0.07790798611111112,0.028944227430555556,0.1232638888888889,0.0815158420138889
178,00:00:05.939,0.07987919560185185,0.07861328125,0.0732693142361111,0.08775499131944445
179,00:00:05.973,0.37384259259259256,0.23323567708333334,0.6520724826388888,0.23621961805555555
180,00:00:06.006,0.1551739728009259,0.129638671875,0.2011990017361111,0.13468424479166666
181,00:00:06.039,0.12815574363425927,0.10823567708333333,0.178466796875,0.09776475694444445
182,00:00:06.073,0.2994520399305556,0.3707682291666667,0.2796766493055556,0.24791124131944445
183,00:00:06.106,0.07493308738425926,0.04530164930555555,0.09247504340277778,0.08702256944444445
184,00:00:06.139,0.07072844328703703,0.05113389756944445,0.08455403645833333,0.07649739583333333
185,00:00:06.173,0.05130570023148148,0.031141493055555556,0.0710177951388889,0.0517578125
186,00:00:06.206,0.03217230902777778,0.022894965277777776,0.043294270833333336,0.030327690972222224
187,00:00:06.240,0.024622034143518517,0.032470703125,0.02587890625,0.015516493055555556
188,00:00:06.273,0.028691044560185185,0.016167534722222224,0.046332465277777776,0.023573133680555556
189,00:00:06.306,0.006148726851851852,0.001220703125,0.009494357638888888,0.007731119791666667
190,00:00:06.340,0.02081524884259259,0.009521484375,0.033501519097222224,0.019422743055555556
191,00:00:06.373,0.0536205150462963,0.015299479166666666,0.09391276041666667,0.05164930555555555
192,00:00:06.406,0.025490089699074073,0.012749565972222222,0.03746202256944445,0.026258680555555556
193,00:00:06.440,0.02313910590277778,0.008409288194444444,0.036458333333333336,0.024549696180555556
194,00:00:06.473,0.09147135416666667,0.06306966145833333,0.1325412326388889,0.07880316840277778
195,00:00:06.506,0.03544560185185185,0.027615017361111112,0.04408094618055555,0.03464084201388889
196,00:00:06.540,0.02809425636574074,0.025526258680555556,0.032660590277777776,0.026095920138888888
197,00:00:06.573,0.12636537905092593,0.1186252170138889,0.1006130642361111,0.1598578559027778
198,00:00:06.607,0.02973994502314815,0.017388237847222224,0.03298611111111111,0.03884548611111111
199,00:00:06.640,0.051685474537037035,0.026258680555555556,0.061089409722222224,0.06770833333333333
200,00:00:06.673,0.06572808159722222,0.027153862847222224,0.08978949652777778,0.08024088541666667
201,00:00:06.707,0.048990885416666664,0.027289496527777776,0.05905490451388889,0.060628255208333336
202,00:00:06.740,0.044270833333333336,0.019341362847222224,0.058648003472222224,0.05482313368055555
203,00:00:06.773,0.1131908275462963,0.06689453125,0.15733506944444445,0.11534288194444445
204,00:00:06.807,0.062093098958333336,0.035454644097222224,0.08558485243055555,0.06523980034722222
205,00:00:06.840,0.04220015914351852,0.012071397569444444,0.06892903645833333,0.045600043402777776
206,00:00:06.874,0.11182544849537039,0.07600911458333333,0.17244466145833334,0.08702256944444445
207,00:00:06.907,0.04568142361111111,0.009168836805555556,0.08311631944444445,0.044759114583333336
208,00:00:06.940,0.02981228298611111,0.011528862847222222,0.05360243055555555,0.024305555555555556
209,00:00:06.974,0.0027398003472222225,0.00029839409722222225,0.005289713541666667,0.002631293402777778
210,00:00:07.007,3.5040599681712963,5.578097873263889,1.51904296875,3.4150390625
211,00:00:07.040,0.04432508680555556,0.04161241319444445,0.046223958333333336,0.04513888888888889
212,00:00:07.074,0.040563512731481476,0.037027994791666664,0.042046440972222224,0.04261610243055555
213,00:00:07.107,0.052463107638888895,0.04258897569444445,0.060492621527777776,0.05430772569444445
214,00:00:07.140,0.0788935908564815,0.05712890625,0.09806315104166667,0.08148871527777778
215,00:00:07.174,0.07478841145833333,0.05579969618055555,0.08783637152777778,0.08072916666666667
216,00:00:07.207,0.0564869068287037,0.03233506944444445,0.0766330295138889,0.060492621527777776
217,00:00:07.241,0.07188585069444443,0.0635036892361111,0.08550347222222222,0.066650390625
218,00:00:07.274,0.0675636574074074,0.05398220486111111,0.093994140625,0.05471462673611111
219,00:00:07.307,0.10484483506944446,0.0986056857638889,0.12586805555555555,0.0900607638888889
220,00:00:07.341,0.11350730613425926,0.06032986111111111,0.1797417534722222,0.10045030381944445
221,00:00:07.374,0.9035554108796298,0.5095486111111112,1.2180718315972223,0.9830457899305556
222,00:00:07.407,0.08091905381944443,0.04635959201388889,0.11992730034722222,0.07647026909722222
223,00:00:07.441,0.08175998263888888,0.06806098090277778,0.1059841579861111,0.07123480902777778
224,00:00:07.474,0.36895073784722215,0.16978624131944445,0.5513780381944444,0.3856879340277778
225,00:00:07.508,0.08581995081018519,0.06523980034722222,0.1184353298611111,0.07378472222222222
226,00:00:07.541,0.09502495659722221,0.06355794270833333,0.13053385416666666,0.09098307291666667
227,00:00:07.574,0.06302445023148147,0.04470486111111111,0.08222113715277778,0.06214735243055555
228,00:00:07.608,0.0893825954861111,0.046685112847222224,0.1286892361111111,0.0927734375
229,00:00:07.641,0.07758246527777778,0.033637152777777776,0.1178927951388889,0.08121744791666667
230,00:00:07.674,0.0690646701388889,0.03504774305555555,0.08854166666666667,0.08360460069444445
231,00:00:07.708,0.07555700231481481,0.043267144097222224,0.10435655381944445,0.07904730902777778
232,00:00:07.741,0.10249385127314814,0.05799696180555555,0.1438259548611111,0.10565863715277778
233,00:00:07.774,0.08621780960648147,0.06754557291666667,0.10356987847222222,0.08753797743055555
234,00:00:07.808,0.0881980613425926,0.044135199652777776,0.12367078993055555,0.09678819444444445
235,00:00:07.841,0.1003146701388889,0.027940538194444444,0.16975911458333334,0.1032443576388889
236,00:00:07.875,0.03520146122685185,0.010769314236111112,0.05105251736111111,0.043782552083333336
237,00:00:07.908,0.05178493923611111,0.00732421875,0.09619140625,0.051839192708333336
238,00:00:07.941,0.1361762152777778,0.07573784722222222,0.20694986979166666,0.12584092881944445
239,00:00:07.975,0.08262803819444443,0.024739583333333332,0.1294487847222222,0.09369574652777778
240,00:00:08.008,0.07267252604166667,0.03342013888888889,0.11992730034722222,0.0646701388888889
241,00:00:08.041,0.07374855324074074,0.043755425347222224,0.11737738715277778,0.060112847222222224
242,00:00:08.075,0.08000578703703703,0.04163953993055555,0.11553276909722222,0.08284505208333333
243,00:00:08.108,0.13786711516203706,0.06388346354166667,0.19759114583333334,0.1521267361111111
244,00:00:08.141,0.2037398726851852,0.11588541666666667,0.2971462673611111,0.1981879340277778
245,00:00:08.175,0.2081344039351852,0.1330023871527778,0.2867838541666667,0.2046169704861111
246,00:00:08.208,0.196949146412037,0.10753038194444445,0.2794053819444444,0.2039116753472222
247,00:00:08.242,0.2957808883101852,0.2102593315972222,0.4181857638888889,0.2588975694444444
248,00:00:08.275,0.21365017361111108,0.1606174045138889,0.2736545138888889,0.20667860243055555
249,00:00:08.308,0.11692527488425926,0.046332465277777776,0.19908311631944445,0.10536024305555555
250,00:00:08.342,0.13701714409722224,0.09141710069444445,0.2170138888888889,0.10262044270833333
251,00:00:08.375,0.15599681712962962,0.0907931857638889,0.22987196180555555,0.14732530381944445
252,00:00:08.408,0.08616355613425926,0.041910807291666664,0.1239963107638889,0.09258355034722222
253,00:00:08.442,0.1380570023148148,0.0856662326388889,0.1955295138888889,0.13297526041666666
254,00:00:08.475,0.07105396412037036,0.037109375,0.1012912326388889,0.07476128472222222
255,00:00:08.508,0.042236328125,0.028510199652777776,0.07164171006944445,0.026557074652777776
256,00:00:08.542,0.06724717881944443,0.026421440972222224,0.12562391493055555,0.04969618055555555
257,00:00:08.575,0.025960286458333332,0.005940755208333333,0.041937934027777776,0.030002170138888888
258,00:00:08.609,0.02958622685185185,0.007839626736111112,0.046196831597222224,0.034722222222222224
259,00:00:08.642,0.08086480034722222,0.046142578125,0.10435655381944445,0.09209526909722222
260,00:00:08.675,0.09609194155092593,0.04690212673611111,0.1255425347222222,0.11583116319444445
261,00:00:08.709,0.09440104166666667,0.025282118055555556,0.14208984375,0.11583116319444445
262,00:00:08.742,0.11935763888888888,0.0871853298611111,0.14341905381944445,0.1274685329861111
263,00:00:08.775,0.11954752604166667,0.0978732638888889,0.1283637152777778,0.13240559895833334
264,00:00:08.809,0.08037651909722222,0.056396484375,0.09076605902777778,0.0939670138888889
265,00:00:08.842,0.05872034143518518,0.030463324652777776,0.08539496527777778,0.060302734375
266,00:00:08.876,0.022307219328703703,0.018853081597222224,0.027370876736111112,0.020697699652777776
267,00:00:08.909,0.036069516782407406,0.018798828125,0.049994574652777776,0.03941514756944445
268,00:00:08.942,0.06254521122685185,0.016303168402777776,0.09795464409722222,0.07337782118055555
269,00:00:08.976,0.09524197048611112,0.044487847222222224,0.13633897569444445,0.10489908854166667
270,00:00:09.009,3.3249059606481484,5.335394965277778,1.4857313368055556,3.153591579861111
271,00:00:09.042,0.0685130931712963,0.03811306423611111,0.0923122829861111,0.07511393229166667
272,00:00:09.076,0.0592357494212963,0.04383680555555555,0.07188585069444445,0.06198459201388889
273,00:00:09.109,0.013852719907407407,0.0029296875,0.022542317708333332,0.016086154513888888
274,00:00:09.142,0.09520580150462964,0.035101996527777776,0.18296983506944445,0.06754557291666667
275,00:00:09.176,49.03464988425926,42.506076388888886,75.21563042534723,29.382242838541668
276,00:00:09.209,0.09702329282407407,0.11409505208333333,0.098876953125,0.0780978732638889
277,00:00:09.243,0.029387297453703703,0.037299262152777776,0.025851779513888888,0.025010850694444444
278,00:00:09.276,0.033619068287037035,0.03455946180555555,0.028021918402777776,0.038275824652777776
279,00:00:09.309,0.5179850260416666,0.8394639756944444,0.2544759114583333,0.4600151909722222
280,00:00:09.343,0.08887622974537036,0.1455078125,0.056206597222222224,0.0649142795138889
281,00:00:09.376,0.11161747685185186,0.1845974392361111,0.05799696180555555,0.0922580295138889
282,00:00:09.409,0.3038013599537037,0.421875,0.19246419270833334,0.2970648871527778
283,00:00:09.443,0.16860170717592593,0.24327256944444445,0.15223524305555555,0.11029730902777778
284,00:00:09.476,0.11009837962962961,0.13077799479166666,0.1023220486111111,0.0971950954861111
285,00:00:09.510,0.6003960503472222,0.8524848090277778,0.4810112847222222,0.4676920572916667
286,00:00:09.543,0.07282624421296297,0.0669216579861111,0.10755750868055555,0.043999565972222224
287,00:00:09.576,0.08064778645833333,0.1313205295138889,0.06575520833333333,0.044867621527777776
288,00:00:09.610,0.9296061197916666,1.2313639322916667,0.7886827256944444,0.7687717013888888
289,00:00:09.643,0.23508933738425927,0.2855360243055556,0.2579481336805556,0.16178385416666666
290,00:00:09.676,0.07118055555555555,0.07261827256944445,0.08045789930555555,0.060465494791666664
291,00:00:09.710,0.862838179976852,1.1374782986111112,0.6768391927083334,0.7741970486111112
292,00:00:09.743,0.37520797164351855,0.4517144097222222,0.4080946180555556,0.2658148871527778
293,00:00:09.776,0.03748914930555555,0.05360243055555555,0.027072482638888888,0.031792534722222224
294,00:00:09.810,0.4005172164351852,0.4498969184027778,0.4296603732638889,0.3219943576388889
295,00:00:09.843,2.716001157407408,2.2928059895833335,3.7578938802083335,2.0973036024305554
296,00:00:09.877,0.03954173900462963,0.04578993055555555,0.033203125,0.039632161458333336
297,00:00:09.910,2.6552282262731484,4.247938368055555,1.4310438368055556,2.2867024739583335
298,00:00:09.943,0.2440230758101852,0.3623318142361111,0.2045355902777778,0.16520182291666666
299,00:00:09.977,0.05287000868055555,0.06222873263888889,0.04627821180555555,0.050103081597222224
300,00:00:10.010,0.5269187644675927,0.7311469184027778,0.4388834635416667,0.4107259114583333
301,00:00:10.043,0.31956199363425924,0.4456108940972222,0.3072102864583333,0.2058648003472222
302,00:00:10.077,0.17244466145833334,0.2300075954861111,0.145263671875,0.1420627170138889
303,00:00:10.110,0.4211335358796296,0.6962890625,0.3058810763888889,0.26123046875
304,00:00:10.143,0.20374891493055555,0.2618815104166667,0.20176866319444445,0.14759657118055555
305,00:00:10.177,0.13981119791666666,0.1979437934027778,0.12071397569444445,0.10077582465277778
306,00:00:10.210,0.5028663917824073,0.82177734375,0.3096516927083333,0.3771701388888889
307,00:00:10.244,0.1673900462962963,0.20545789930555555,0.16292317708333334,0.1337890625
308,00:00:10.277,0.18961588541666666,0.2767469618055556,0.1409233940972222,0.1511773003472222
309,00:00:10.310,0.03559027777777778,0.025472005208333332,0.05015733506944445,0.031141493055555556
310,00:00:10.344,0.18900101273148148,0.19325086805555555,0.23451063368055555,0.13924153645833334
311,00:00:10.377,0.1487991898148148,0.1653103298611111,0.1702202690972222,0.1108669704861111
312,00:00:10.410,0.14898003472222224,0.16322157118055555,0.15437825520833334,0.1293402777777778
313,00:00:10.444,0.3320855034722222,0.3914388020833333,0.3411187065972222,0.2636990017361111
314,00:00:10.477,0.13118489583333334,0.16259765625,0.12955729166666666,0.10139973958333333
315,00:00:10.511,0.15584309895833334,0.22615559895833334,0.115478515625,0.12589518229166666
316,00:00:10.544,0.2139847366898148,0.2573513454861111,0.2290310329861111,0.1555718315972222
317,00:00:10.577,0.09003363715277779,0.14827473958333334,0.06507703993055555,0.05674913194444445
318,00:00:10.611,0.14152018229166666,0.2227105034722222,0.10370551215277778,0.09814453125
319,00:00:10.644,0.6678964120370371,1.0243055555555556,0.5154351128472222,0.4639485677083333
320,00:00:10.677,0.2628851996527778,0.4171278211805556,0.19297960069444445,0.17854817708333334
321,00:00:10.711,0.21957284432870372,0.4360080295138889,0.087646484375,0.1350640190972222
322,00:00:10.744,0.9296422887731483,1.3233778211805556,0.7963324652777778,0.6692165798611112
323,00:00:10.777,0.5202817563657407,0.7728678385416666,0.3517795138888889,0.4361979166666667
324,00:00:10.811,0.3443196614583333,0.535888671875,0.23274739583333334,0.2643229166666667
325,00:00:10.844,0.36542426215277785,0.3456488715277778,0.4780815972222222,0.2725423177083333
326,00:00:10.878,0.44968894675925924,0.5483669704861112,0.4991319444444444,0.3015679253472222
327,00:00:10.911,0.3291286892361111,0.4809027777777778,0.2471245659722222,0.2593587239583333
328,00:00:10.944,0.04130497685185185,0.025960286458333332,0.06212022569444445,0.035834418402777776
329,00:00:10.978,0.09794560185185186,0.07896592881944445,0.1393500434027778,0.07552083333333333
330,00:00:11.011,4.1363751446759265,6.8662109375,1.9900444878472223,3.5528700086805554
331,00:00:11.044,0.1443504050925926,0.12055121527777778,0.20228407118055555,0.11021592881944445
332,00:00:11.078,0.06330475983796297,0.059271918402777776,0.086181640625,0.04446072048611111
333,00:00:11.111,0.15055338541666666,0.2372504340277778,0.10264756944444445,0.11176215277777778
334,00:00:11.144,0.12875253182870372,0.09214952256944445,0.21055772569444445,0.08355034722222222
335,00:00:11.178,0.007224754050925926,0.004855685763888889,0.011610243055555556,0.005208333333333333
336,00:00:11.211,0.08832465277777779,0.12890625,0.06431749131944445,0.0717502170138889
337,00:00:11.245,0.35203269675925924,0.2804904513888889,0.5264214409722222,0.24918619791666666
338,00:00:11.278,0.051251446759259266,0.06605360243055555,0.049886067708333336,0.03781467013888889
339,00:00:11.311,0.16921657986111108,0.2632921006944444,0.1252170138888889,0.119140625
340,00:00:11.345,0.2434624565972222,0.1858452690972222,0.3653157552083333,0.1792263454861111
341,00:00:11.378,0.027416087962962965,0.029052734375,0.031005859375,0.022189670138888888
342,00:00:11.411,0.15800419560185186,0.2579752604166667,0.0878634982638889,0.128173828125
343,00:00:11.445,0.09212239583333333,0.05319552951388889,0.1603461371527778,0.06282552083333333
344,00:00:11.478,0.015426070601851853,0.026340060763888888,0.013020833333333334,0.006917317708333333
345,00:00:11.511,0.06767216435185185,0.1064724392361111,0.046875,0.04966905381944445
346,00:00:11.545,0.11291051793981481,0.08162434895833333,0.19395616319444445,0.06315104166666667
347,00:00:11.578,0.00047019675925925934,8.138020833333333e-05,0.0008138020833333334,0.0005154079861111111
348,00:00:11.612,0.0664966724537037,0.10264756944444445,0.05202907986111111,0.04481336805555555
349,00:00:11.645,0.18160445601851852,0.15611436631944445,0.2720540364583333,0.11664496527777778
350,00:00:11.678,0.010778356481481483,0.009331597222222222,0.015625,0.007378472222222222
351,00:00:11.712,0.08076533564814815,0.1078830295138889,0.0734592013888889,0.060953776041666664
352,00:00:11.745,0.4056080005787037,0.3078884548611111,0.62744140625,0.281494140625
353,00:00:11.778,0.01369900173611111,0.004991319444444444,0.024115668402777776,0.011990017361111112
354,00:00:11.812,0.15510163483796297,0.19807942708333334,0.1430392795138889,0.12418619791666667
355,00:00:11.845,0.3563368055555555,0.3185492621527778,0.5035807291666666,0.2468804253472222
356,00:00:11.879,0.14690031828703703,0.13321940104166666,0.1880425347222222,0.11943901909722222
357,00:00:11.912,0.2261284722222222,0.3253038194444444,0.17106119791666666,0.18202039930555555
358,00:00:11.945,0.14732530381944445,0.10980902777777778,0.22498914930555555,0.107177734375
359,00:00:11.979,0.009892216435185185,0.006483289930555556,0.014594184027777778,0.008599175347222222
360,00:00:12.012,0.06276222511574074,0.09331597222222222,0.050835503472222224,0.044135199652777776
361,00:00:12.045,0.1404441550925926,0.07411024305555555,0.2497829861111111,0.0974392361111111
362,00:00:12.079,0.004439742476851852,0.004720052083333333,0.005343967013888889,0.0032552083333333335
363,00:00:12.112,0.07685908564814814,0.09708658854166667,0.07259114583333333,0.06089952256944445
364,00:00:12.145,0.07809787326388888,0.024685329861111112,0.15869140625,0.05091688368055555
365,00:00:12.179,0.005470558449074073,0.005642361111111111,0.007297092013888889,0.003472222222222222
366,00:00:12.212,0.030843098958333332,0.023681640625,0.03982204861111111,0.029025607638888888
367,00:00:12.246,0.3940339265046296,0.3406846788194444,0.5409613715277778,0.3004557291666667
368,00:00:12.279,0.07039388020833333,0.10481770833333333,0.046088324652777776,0.06027560763888889
369,00:00:12.312,0.18571867766203706,0.2972005208333333,0.1208767361111111,0.13907877604166666
370,00:00:12.346,0.39985713252314814,0.3301323784722222,0.5504014756944444,0.3190375434027778
371,00:00:12.379,0.0469654224537037,0.053304036458333336,0.050103081597222224,0.03748914930555555
372,00:00:12.412,0.1982964409722222,0.2740614149305556,0.15275065104166666,0.16807725694444445
373,00:00:12.446,0.11168981481481481,0.10853407118055555,0.15077039930555555,0.07576497395833333
374,00:00:12.479,0.016230830439814815,0.018337673611111112,0.017008463541666668,0.013346354166666666
375,00:00:12.513,0.04122359664351852,0.062337239583333336,0.032063802083333336,0.029269748263888888
376,00:00:12.546,0.10506184895833333,0.10332573784722222,0.152587890625,0.059271918402777776
377,00:00:12.579,0.0009946469907407406,0.00029839409722222225,0.002224392361111111,0.0004611545138888889
378,00:00:12.613,0.04052734375,0.055989583333333336,0.031331380208333336,0.034261067708333336
379,00:00:12.646,0.12830946180555555,0.1325141059027778,0.15049913194444445,0.10191514756944445
380,00:00:12.679,0.014114945023148149,0.023735894097222224,0.008327907986111112,0.010281032986111112
381,00:00:12.713,0.04226345486111111,0.0644259982638889,0.03173828125,0.030626085069444444
382,00:00:12.746,0.1454806857638889,0.10161675347222222,0.2396918402777778,0.09513346354166667
383,00:00:12.779,0.013120298032407407,0.025472005208333332,0.008246527777777778,0.005642361111111111
384,00:00:12.813,0.08127170138888888,0.13270399305555555,0.05186631944444445,0.059244791666666664
385,00:00:12.846,0.38160988136574076,0.353759765625,0.5286458333333334,0.2624240451388889
386,00:00:12.880,0.11640986689814814,0.1416558159722222,0.11895073784722222,0.088623046875
387,00:00:12.913,0.11835394965277779,0.16617838541666666,0.08677842881944445,0.10210503472222222
388,00:00:12.946,0.07259114583333333,0.0893825954861111,0.0818142361111111,0.046576605902777776
389,00:00:12.980,0.06843171296296297,0.058349609375,0.08634440104166667,0.060601128472222224
390,00:00:13.013,3.8266963252314814,6.122178819444445,2.0350206163194446,3.3228895399305554
391,00:00:13.046,0.0038972077546296294,0.0009223090277777778,0.007948133680555556,0.0028211805555555555
392,00:00:13.080,0.000732421875,0.00016276041666666666,0.0013292100694444445,0.0007052951388888889
393,00:00:13.113,0.0016276041666666667,0.0010850694444444445,0.002143012152777778,0.0016547309027777778
394,00:00:13.146,0.0019440827546296296,0.0005696614583333334,0.0035807291666666665,0.001681857638888889
395,00:00:13.180,0.0,0.0,0.0,0.0
396,00:00:13.213,0.000587745949074074,0.0002712673611111111,0.0006510416666666666,0.0008409288194444445
397,00:00:13.247,0.016755280671296297,0.018364800347222224,0.024088541666666668,0.0078125
398,00:00:13.280,0.0,0.0,0.0,0.0
399,00:00:13.313,0.004286024305555556,0.005859375,0.003933376736111111,0.0030653211805555555
400,00:00:13.347,0.054904513888888895,0.049750434027777776,0.0771213107638889,0.037841796875
401,00:00:13.380,0.0008770978009259258,0.00043402777777777775,0.001491970486111111,0.0007052951388888889
402,00:00:13.413,0.03417064525462963,0.049967447916666664,0.023600260416666668,0.028944227430555556
403,00:00:13.447,0.008463541666666666,0.001437717013888889,0.017849392361111112,0.006103515625
404,00:00:13.480,0.0009765624999999999,0.001736111111111111,0.0006510416666666666,0.0005425347222222222
405,00:00:13.514,0.003987630208333333,0.005777994791666667,0.003689236111111111,0.002495659722222222
406,00:00:13.547,0.0008138020833333334,0.0,0.0021158854166666665,0.0003255208333333333
407,00:00:13.580,0.0,0.0,0.0,0.0
408,00:00:13.614,0.00036168981481481485,0.0,0.0008409288194444445,0.000244140625
409,00:00:13.647,0.01875361689814815,0.012749565972222222,0.02880859375,0.014702690972222222
410,00:00:13.680,0.0,0.0,0.0,0.0
411,00:00:13.714,0.011040581597222222,0.010932074652777778,0.009711371527777778,0.012478298611111112
412,00:00:13.747,0.0012026186342592594,0.0005967881944444445,0.0016547309027777778,0.0013563368055555555
413,00:00:13.780,4.5211226851851856e-05,0.0,0.00013563368055555556,0.0
414,00:00:13.814,0.0013292100694444443,0.0005425347222222222,0.0021158854166666665,0.0013292100694444445
415,00:00:13.847,0.004674840856481482,0.0011664496527777778,0.009602864583333334,0.0032552083333333335
416,00:00:13.881,0.00013563368055555556,0.0,0.00037977430555555556,2.712673611111111e-05
417,00:00:13.914,0.002233434606481481,0.001708984375,0.003716362847222222,0.0012749565972222222
418,00:00:13.947,0.2275390625,0.3057996961805556,0.1801215277777778,0.19669596354166666
419,00:00:13.981,0.0007685908564814815,0.00048828125,0.0005696614583333334,0.001247829861111111
420,00:00:14.014,0.21414749710648148,0.4043511284722222,0.0810546875,0.1570366753472222
421,00:00:14.047,0.00037073206018518515,0.00018988715277777778,0.0005154079861111111,0.0004069010416666667
422,00:00:14.081,4.5211226851851856e-05,0.0,0.00013563368055555556,0.0
423,00:00:14.114,0.0003436053240740741,0.00018988715277777778,0.0005967881944444445,0.000244140625
424,00:00:14.147,2.712673611111111e-05,0.0,8.138020833333333e-05,0.0
425,00:00:14.181,0.0,0.0,0.0,0.0
426,00:00:14.214,0.00011754918981481481,2.712673611111111e-05,0.00021701388888888888,0.00010850694444444444
427,00:00:14.248,0.0,0.0,0.0,0.0
428,00:00:14.281,0.0,0.0,0.0,0.0
429,00:00:14.314,0.0,0.0,0.0,0.0
430,00:00:14.348,0.0013292100694444447,0.0004069010416666667,0.002170138888888889,0.0014105902777777778
431,00:00:14.381,0.0,0.0,0.0,0.0
432,00:00:14.414,0.0003978587962962963,0.00010850694444444444,0.0006239149305555555,0.0004611545138888889
433,00:00:14.448,0.0007052951388888889,0.00018988715277777778,0.0013563368055555555,0.0005696614583333334
434,00:00:14.481,0.0001537181712962963,0.00013563368055555556,0.000244140625,8.138020833333333e-05
435,00:00:14.514,0.0007957175925925927,0.00035264756944444444,0.0009494357638888889,0.0010850694444444445
436,00:00:14.548,0.0009494357638888889,0.0002712673611111111,0.001708984375,0.0008680555555555555
437,00:00:14.581,0.0,0.0,0.0,0.0
438,00:00:14.615,0.0005696614583333334,0.0003255208333333333,0.0007052951388888889,0.0006781684027777778
439,00:00:14.648,0.0,0.0,0.0,0.0
440,00:00:14.681,0.0005425347222222222,0.0,0.0012749565972222222,0.00035264756944444444
441,00:00:14.715,0.0012749565972222222,2.712673611111111e-05,0.0032552083333333335,0.0005425347222222222
442,00:00:14.748,0.07612666377314814,0.060953776041666664,0.12323676215277778,0.044189453125
443,00:00:14.781,43.69084563078704,65.14504665798611,49.79229058159722,16.13519965277778
444,00:00:14.815,0.003020109953703704,0.0023328993055555555,0.001953125,0.004774305555555556
445,00:00:14.848,0.0010217737268518518,0.0,0.0018446180555555555,0.001220703125
446,00:00:14.882,1.8929578993055556,3.7654893663194446,0.6253797743055556,1.2880045572916667
447,00:00:14.915,0.06438982928240741,0.11650933159722222,0.022081163194444444,0.05457899305555555
448,00:00:14.948,0.08100947627314815,0.15478515625,0.03076171875,0.05748155381944445
449,00:00:14.982,0.0006148726851851852,0.0008951822916666666,0.0006239149305555555,0.0003255208333333333
450,00:00:15.015,4.574779369212963,8.523817274305555,1.8092447916666667,3.3912760416666665
451,00:00:15.048,8.138020833333333e-05,5.425347222222222e-05,8.138020833333333e-05,0.00010850694444444444
452,00:00:15.082,0.005931712962962964,0.013617621527777778,0.0004069010416666667,0.0037706163194444445
453,00:00:15.115,0.0003797743055555555,0.00043402777777777775,0.00037977430555555556,0.0003255208333333333
454,00:00:15.148,9.04224537037037e-06,0.0,2.712673611111111e-05,0.0
455,00:00:15.182,0.0,0.0,0.0,0.0
456,00:00:15.215,9.04224537037037e-06,0.0,2.712673611111111e-05,0.0
457,00:00:15.249,9.04224537037037e-06,0.0,2.712673611111111e-05,0.0
458,00:00:15.282,0.0,0.0,0.0,0.0
459,00:00:15.315,9.04224537037037e-06,0.0,2.712673611111111e-05,0.0
460,00:00:15.349,9.04224537037037e-06,0.0,2.712673611111111e-05,0.0
461,00:00:15.382,0.0,0.0,0.0,0.0
462,00:00:15.415,9.04224537037037e-06,0.0,2.712673611111111e-05,0.0
463,00:00:15.449,9.04224537037037e-06,0.0,2.712673611111111e-05,0.0
464,00:00:15.482,0.0,0.0,0.0,0.0
465,00:00:15.515,9.04224537037037e-06,0.0,2.712673611111111e-05,0.0
466,00:00:15.549,0.00048828125,0.00016276041666666666,0.000732421875,0.0005696614583333334
467,00:00:15.582,0.0014015480324074073,0.0010308159722222222,0.0008409288194444445,0.0023328993055555555
468,00:00:15.616,0.0018174913194444447,0.001193576388888889,0.0014105902777777778,0.0028483072916666665
469,00:00:15.649,0.0,0.0,0.0,0.0
470,00:00:15.682,0.0,0.0,0.0,0.0
471,00:00:15.716,0.0,0.0,0.0,0.0
472,00:00:15.749,0.0,0.0,0.0,0.0
473,00:00:15.782,0.0,0.0,0.0,0.0
474,00:00:15.816,0.0,0.0,0.0,0.0
475,00:00:15.849,0.0038158275462962968,0.010091145833333334,0.00043402777777777775,0.0009223090277777778
476,00:00:15.883,0.0,0.0,0.0,0.0
477,00:00:15.916,0.0,0.0,0.0,0.0
478,00:00:15.949,0.0010398582175925927,0.0008138020833333334,0.000732421875,0.0015733506944444445
479,00:00:15.983,0.0,0.0,0.0,0.0
480,00:00:16.016,0.001076027199074074,0.0008680555555555555,0.000732421875,0.0016276041666666667
481,00:00:16.049,0.0018988715277777778,0.001708984375,0.0016276041666666667,0.0023600260416666665
482,00:00:16.083,0.004258897569444444,0.006401909722222222,0.002658420138888889,0.003716362847222222
483,00:00:16.116,0.0025499131944444445,0.004448784722222222,0.0010308159722222222,0.002170138888888889
484,00:00:16.149,0.001564308449074074,0.002685546875,0.0005425347222222222,0.00146484375
485,00:00:16.183,0.0,0.0,0.0,0.0
486,00:00:16.216,0.001564308449074074,0.002685546875,0.0005425347222222222,0.00146484375
487,00:00:16.250,0.001564308449074074,0.002685546875,0.0005425347222222222,0.00146484375
488,00:00:16.283,0.0,0.0,0.0,0.0
489,00:00:16.316,0.001564308449074074,0.002685546875,0.0005425347222222222,0.00146484375
490,00:00:16.350,0.001564308449074074,0.002685546875,0.0005425347222222222,0.00146484375
491,00:00:16.383,0.0,0.0,0.0,0.0
492,00:00:16.416,0.001564308449074074,0.002685546875,0.0005425347222222222,0.00146484375
493,00:00:16.450,0.001564308449074074,0.002685546875,0.0005425347222222222,0.00146484375
494,00:00:16.483,0.0,0.0,0.0,0.0
495,00:00:16.517,0.001564308449074074,0.002685546875,0.0005425347222222222,0.00146484375
496,00:00:16.550,0.0015733506944444443,0.002685546875,0.0005696614583333334,0.00146484375
497,00:00:16.583,0.0,0.0,0.0,0.0
498,00:00:16.617,0.0016456886574074073,0.002685546875,0.0007052951388888889,0.0015462239583333333
499,00:00:16.650,6.329571759259259e-05,0.0,0.00016276041666666666,2.712673611111111e-05
500,00:00:16.683,0.0,0.0,0.0,0.0
501,00:00:16.717,0.0,0.0,0.0,0.0
502,00:00:16.750,0.0,0.0,0.0,0.0
503,00:00:16.783,0.0,0.0,0.0,0.0
504,00:00:16.817,0.0,0.0,0.0,0.0
505,00:00:16.850,0.0,0.0,0.0,0.0
506,00:00:16.884,0.0,0.0,0.0,0.0
507,00:00:16.917,0.0,0.0,0.0,0.0
508,00:00:16.950,0.0,0.0,0.0,0.0
509,00:00:16.984,0.0,0.0,0.0,0.0
510,00:00:17.017,4.578794126157407,8.56906467013889,1.7823079427083333,3.385009765625
511,00:00:17.050,0.0003526475694444445,0.00010850694444444444,0.00035264756944444444,0.0005967881944444445
512,00:00:17.084,0.0,0.0,0.0,0.0
513,00:00:17.117,0.0003526475694444445,0.00010850694444444444,0.00035264756944444444,0.0005967881944444445
514,00:00:17.150,0.0,0.0,0.0,0.0
515,00:00:17.184,0.0,0.0,0.0,0.0
516,00:00:17.217,0.0,0.0,0.0,0.0
517,00:00:17.251,0.0,0.0,0.0,0.0
518,00:00:17.284,0.0,0.0,0.0,0.0
519,00:00:17.317,0.0,0.0,0.0,0.0
520,00:00:17.351,0.0,0.0,0.0,0.0
521,00:00:17.384,0.0,0.0,0.0,0.0
522,00:00:17.417,0.0,0.0,0.0,0.0
523,00:00:17.451,0.0018174913194444447,0.0037434895833333335,0.00037977430555555556,0.0013292100694444445
524,00:00:17.484,0.0,0.0,0.0,0.0
525,00:00:17.518,0.0019621672453703706,0.0037434895833333335,0.00037977430555555556,0.0017632378472222222
526,00:00:17.551,0.001564308449074074,0.003662109375,0.00018988715277777778,0.0008409288194444445
527,00:00:17.584,0.0,0.0,0.0,0.0
528,00:00:17.618,0.0003978587962962963,8.138020833333333e-05,0.00018988715277777778,0.0009223090277777778
529,00:00:17.651,0.00034360532407407403,0.00013563368055555556,0.0002712673611111111,0.0006239149305555555
530,00:00:17.684,0.0001537181712962963,5.425347222222222e-05,5.425347222222222e-05,0.00035264756944444444
531,00:00:17.718,0.00018988715277777775,8.138020833333333e-05,0.00021701388888888888,0.0002712673611111111
532,00:00:17.751,0.0,0.0,0.0,0.0
533,00:00:17.784,0.0,0.0,0.0,0.0
534,00:00:17.818,0.0,0.0,0.0,0.0
535,00:00:17.851,0.0,0.0,0.0,0.0
536,00:00:17.885,0.0,0.0,0.0,0.0
537,00:00:17.918,0.0,0.0,0.0,0.0
538,00:00:17.951,0.0,0.0,0.0,0.0
539,00:00:17.985,2.487440321180556,1.6235622829861112,3.8111165364583335,2.0276421440972223
540,00:00:18.018,0.0,0.0,0.0,0.0
541,00:00:18.051,0.0023057725694444445,0.0025227864583333335,0.002658420138888889,0.001736111111111111
542,00:00:18.085,0.00044307002314814816,0.0008138020833333334,2.712673611111111e-05,0.00048828125
543,00:00:18.118,0.0,0.0,0.0,0.0
544,00:00:18.151,9.04224537037037e-06,0.0,2.712673611111111e-05,0.0
545,00:00:18.185,0.00011754918981481481,0.00016276041666666666,8.138020833333333e-05,0.00010850694444444444
546,00:00:18.218,0.0009403935185185185,0.0016547309027777778,0.00021701388888888888,0.0009494357638888889
547,00:00:18.252,0.00035264756944444444,0.0006239149305555555,0.00013563368055555556,0.00029839409722222225
548,00:00:18.285,0.00025318287037037036,0.00013563368055555556,0.0005425347222222222,8.138020833333333e-05
549,00:00:18.318,0.0,0.0,0.0,0.0
550,00:00:18.352,0.00011754918981481481,0.00013563368055555556,0.00016276041666666666,5.425347222222222e-05
551,00:00:18.385,0.0,0.0,0.0,0.0
552,00:00:18.418,0.0,0.0,0.0,0.0
553,00:00:18.452,0.0,0.0,0.0,0.0
554,00:00:18.485,0.000560619212962963,0.0008951822916666666,0.00010850694444444444,0.0006781684027777778
555,00:00:18.518,0.0,0.0,0.0,0.0
556,00:00:18.552,0.00018988715277777775,0.00029839409722222225,0.00010850694444444444,0.00016276041666666666
557,00:00:18.585,0.0,0.0,0.0,0.0
558,00:00:18.619,0.0,0.0,0.0,0.0
559,00:00:18.652,0.0,0.0,0.0,0.0
560,00:00:18.685,0.00012659143518518518,0.0002712673611111111,0.0,0.00010850694444444444
561,00:00:18.719,0.0,0.0,0.0,0.0
562,00:00:18.752,0.00018988715277777775,0.0003255208333333333,0.0,0.000244140625
563,00:00:18.785,0.0,0.0,0.0,0.0
564,00:00:18.819,0.0028030960648148147,0.005588107638888889,0.00035264756944444444,0.002468532986111111
565,00:00:18.852,0.0028030960648148147,0.005588107638888889,0.00035264756944444444,0.002468532986111111
566,00:00:18.886,0.0028030960648148147,0.005588107638888889,0.00035264756944444444,0.002468532986111111
567,00:00:18.919,0.0,0.0,0.0,0.0
568,00:00:18.952,0.0028030960648148147,0.005588107638888889,0.00035264756944444444,0.002468532986111111
569,00:00:18.986,0.0,0.0,0.0,0.0
570,00:00:19.019,3.7981861255787037,6.896918402777778,1.6110297309027777,2.8866102430555554
571,00:00:19.052,0.00018988715277777775,0.0002712673611111111,0.00013563368055555556,0.00016276041666666666
572,00:00:19.086,0.0,0.0,0.0,0.0
573,00:00:19.119,0.00018988715277777775,0.0002712673611111111,0.00013563368055555556,0.00016276041666666666
574,00:00:19.152,0.0,0.0,0.0,0.0
575,00:00:19.186,0.0,0.0,0.0,0.0
576,00:00:19.219,0.0,0.0,0.0,0.0
577,00:00:19.253,0.0,0.0,0.0,0.0
578,00:00:19.286,0.0,0.0,0.0,0.0
579,00:00:19.319,0.0,0.0,0.0,0.0
580,00:00:19.353,0.0,0.0,0.0,0.0
581,00:00:19.386,71.78729926215277,93.24609375,65.28819444444444,56.827609592013886
582,00:00:19.419,0.007152416087962962,0.002875434027777778,0.012071397569444444,0.006510416666666667
583,00:00:19.453,0.0,0.0,0.0,0.0
584,00:00:19.486,0.0016908998842592594,0.0020887586805555555,0.0014105902777777778,0.0015733506944444445
585,00:00:19.520,0.0015733506944444443,0.0007595486111111111,0.0017632378472222222,0.002197265625
586,00:00:19.553,0.0007776331018518518,0.0003255208333333333,0.0011664496527777778,0.0008409288194444445
587,00:00:19.586,0.0006510416666666666,0.00043402777777777775,0.00043402777777777775,0.0010850694444444445
588,00:00:19.620,0.0,0.0,0.0,0.0
589,00:00:19.653,0.0,0.0,0.0,0.0
590,00:00:19.686,1.6270978009259258,1.4609103732638888,2.062744140625,1.3576388888888888
591,00:00:19.720,0.0,0.0,0.0,0.0
592,00:00:19.753,0.09181495949074074,0.24354383680555555,0.009087456597222222,0.022813585069444444
593,00:00:19.786,0.011565031828703705,0.020616319444444444,0.004421657986111111,0.009657118055555556
594,00:00:19.820,0.006275318287037038,0.015489366319444444,0.0012749565972222222,0.0020616319444444445
595,00:00:19.853,0.008725766782407407,0.018473307291666668,0.001980251736111111,0.005723741319444444
596,00:00:19.887,0.013346354166666666,0.022216796875,0.004774305555555556,0.013047960069444444
597,00:00:19.920,0.00018084490740740742,2.712673611111111e-05,0.00013563368055555556,0.00037977430555555556
598,00:00:19.953,0.005741825810185185,0.006320529513888889,0.0027669270833333335,0.008138020833333334
599,00:00:19.987,0.0020706741898148147,0.004150390625,0.0008409288194444445,0.001220703125
